{
  "name": "Mixhub!",
  "version": "0.0.2",
  "storage": "ipfs",
  "description": "The best way to listen your music",
  "website": "https://music-market-web3.vercel.app/",
  "kind": "app",
  "icon": {
    "md": "./assets/icon.png"
  },
  "contact": 
   "https://github.com/NathanLazo/music-market-web3",
  "screenshots": [
    "./assets/one.png", "./assets/two.png", "./assets/three.png", "./assets/four.png"
  ],
  "entrypoints": {
    "default": {
      "web": "./web-build/index.html"
    }
  }
}